19900018794.pdf,melting
19900018794.pdf,security classic
19900018794.pdf,deviatoric
19900018794.pdf,application
19900018794.pdf,porter
19900018794.pdf,interaction
19900018794.pdf,course
19900018794.pdf,wall
19900018794.pdf,design
19900018794.pdf,call
19900018794.pdf,metallic structures
19900018794.pdf,practice
19900018794.pdf,intermediate finer
19900018794.pdf,reduce
19900018794.pdf,pages
19900018794.pdf,aijaodij
19900018794.pdf,macromechanics
19900018794.pdf,mechanism
19900018794.pdf,measured
19900018794.pdf,longitudinal
19900018794.pdf,creep rupture
19900018794.pdf,magnitude
19900018794.pdf,path
19900018794.pdf,minimum
19900018794.pdf,fibres
19900018794.pdf,multi
19900018794.pdf,multiaxial stress
19900018794.pdf,mesostructural scale
19900018794.pdf,government accession
19900018794.pdf,anticipated
19900018794.pdf,tubular vessel
19900018794.pdf,situation
19900018794.pdf,surfaces
19900018794.pdf,fracture process
19900018794.pdf,stress components
19900018794.pdf,student
19900018794.pdf,research
19900018794.pdf,reality stress
19900018794.pdf,functional
19900018794.pdf,identification
19900018794.pdf,controlling
19900018794.pdf,discussion
19900018794.pdf,curve
19900018794.pdf,binienda
19900018794.pdf,forsake
19900018794.pdf,mmitikavama
19900018794.pdf,creep resistant materials
19900018794.pdf,maximum
19900018794.pdf,deviatoric stress components
19900018794.pdf,tensile stress transverse
19900018794.pdf,next section
19900018794.pdf,hayhurst maitre
19900018794.pdf,intermediate angle
19900018794.pdf,don
19900018794.pdf,low stress
19900018794.pdf,determination
19900018794.pdf,chemical fibres
19900018794.pdf,elastic strain
19900018794.pdf,local
19900018794.pdf,strength
19900018794.pdf,encouragement
19900018794.pdf,general states
19900018794.pdf,drunken
19900018794.pdf,results
19900018794.pdf,multiaxial state
19900018794.pdf,essential
19900018794.pdf,observation
19900018794.pdf,zirconium
19900018794.pdf,locally local transverse
19900018794.pdf,early
19900018794.pdf,experimentation
19900018794.pdf,accuracy
19900018794.pdf,ashbymf
19900018794.pdf,practicing
19900018794.pdf,evolution
19900018794.pdf,matrix testing
19900018794.pdf,case
19900018794.pdf,robinson
19900018794.pdf,usefulness
19900018794.pdf,definitions
19900018794.pdf,optical
19900018794.pdf,nonisothermal conditions
19900018794.pdf,creep damage model
19900018794.pdf,increasing
19900018794.pdf,excess
19900018794.pdf,creep fracture
19900018794.pdf,reformation
19900018794.pdf,unit vector
19900018794.pdf,model
19900018794.pdf,page
19900018794.pdf,thinwalled pressure vessel
19900018794.pdf,anisotropic composite
19900018794.pdf,mechanics
19900018794.pdf,importance
19900018794.pdf,contributions
19900018794.pdf,longitudinal sheardamagefig
19900018794.pdf,isochronous failure
19900018794.pdf,formulation
19900018794.pdf,multiaxiai
19900018794.pdf,contract
19900018794.pdf,metallic composite
19900018794.pdf,introduction
19900018794.pdf,values
19900018794.pdf,systems
19900018794.pdf,doses ends
19900018794.pdf,distribution
19900018794.pdf,presence
19900018794.pdf,concentration
19900018794.pdf,metallic
19900018794.pdf,structure
19900018794.pdf,akron akron
19900018794.pdf,local finer
19900018794.pdf,pursuit
19900018794.pdf,components
19900018794.pdf,cheap
19900018794.pdf,creep behavior
19900018794.pdf,creep conditions
19900018794.pdf,creepcreep damage model
19900018794.pdf,anisotropic continue damage model
19900018794.pdf,decreases
19900018794.pdf,walled tubular pressure
19900018794.pdf,reform
19900018794.pdf,angle
19900018794.pdf,circumferential finer
19900018794.pdf,interact
19900018794.pdf,hear stress
19900018794.pdf,creep
19900018794.pdf,tensile stress
19900018794.pdf,integrated
19900018794.pdf,linear form
19900018794.pdf,evaluation
19900018794.pdf,diffusion mechanism
19900018794.pdf,kirkendall
19900018794.pdf,administration
19900018794.pdf,reinforced
19900018794.pdf,capacity
19900018794.pdf,composite
19900018794.pdf,cystic thermal
19900018794.pdf,isotropy
19900018794.pdf,creep reformation
19900018794.pdf,cocks
19900018794.pdf,concentration
19900018794.pdf,izvakadnank
19900018794.pdf,longitudinal hear
19900018794.pdf,anisotropic damage
19900018794.pdf,resting
19900018794.pdf,result
19900018794.pdf,transverse stress
19900018794.pdf,selection
19900018794.pdf,experimental
19900018794.pdf,expressed
19900018794.pdf,agency
19900018794.pdf,tubular pressure vessel
19900018794.pdf,directionality
19900018794.pdf,element
19900018794.pdf,functions
19900018794.pdf,concepts
19900018794.pdf,stress state
19900018794.pdf,inaccuracies
19900018794.pdf,local straining
19900018794.pdf,structural members
19900018794.pdf,damage rates
19900018794.pdf,correlate
19900018794.pdf,support
19900018794.pdf,tensile
19900018794.pdf,nasaformoct
19900018794.pdf,engineering practice
19900018794.pdf,considerations
19900018794.pdf,isochronous damage function
19900018794.pdf,locally
19900018794.pdf,screen
19900018794.pdf,unidirectional fibres
19900018794.pdf,chemical angle
19900018794.pdf,predictions
19900018794.pdf,monolithic allows
19900018794.pdf,mesomechanisms
19900018794.pdf,rate
19900018794.pdf,fibermatrix
19900018794.pdf,testing
19900018794.pdf,intact
19900018794.pdf,flow potential function
19900018794.pdf,recall
19900018794.pdf,duffysf
19900018794.pdf,jengrmechasceappendix
19900018794.pdf,boundaries
19900018794.pdf,cases
19900018794.pdf,experimental results
19900018794.pdf,local stress
19900018794.pdf,realization
19900018794.pdf,gilman
19900018794.pdf,phenomena
19900018794.pdf,denotes
19900018794.pdf,strain efaijcrodij
19900018794.pdf,reduces
19900018794.pdf,function
19900018794.pdf,load
19900018794.pdf,constant
19900018794.pdf,finer angle
19900018794.pdf,modified
19900018794.pdf,reference
19900018794.pdf,half
19900018794.pdf,growth
19900018794.pdf,failure
19900018794.pdf,ruptures
19900018794.pdf,structures
19900018794.pdf,transverse
19900018794.pdf,primary
19900018794.pdf,qbaiidij
19900018794.pdf,laws
19900018794.pdf,invariants
19900018794.pdf,shape
19900018794.pdf,creep damage theory
19900018794.pdf,definiteness
19900018794.pdf,lower
19900018794.pdf,constant
19900018794.pdf,calamine
19900018794.pdf,void
19900018794.pdf,time
19900018794.pdf,organization
19900018794.pdf,diffusion controlled void growth
19900018794.pdf,rice
19900018794.pdf,space administration
19900018794.pdf,river
19900018794.pdf,simple model
19900018794.pdf,selection of finer
19900018794.pdf,river
19900018794.pdf,early stages
19900018794.pdf,allows
19900018794.pdf,material symmetry
19900018794.pdf,reinforcement
19900018794.pdf,problem
19900018794.pdf,longitudinal strengthening
19900018794.pdf,calculated
19900018794.pdf,continue
19900018794.pdf,influenced
19900018794.pdf,arbitrary
19900018794.pdf,potential
19900018794.pdf,distortion
19900018794.pdf,diffusion
19900018794.pdf,leicester kept
19900018794.pdf,strain
19900018794.pdf,ability
19900018794.pdf,microstructural
19900018794.pdf,temperatures
19900018794.pdf,aaijdij
19900018794.pdf,isotropic tenor with
19900018794.pdf,grain
19900018794.pdf,stress dependencies
19900018794.pdf,condition
19900018794.pdf,theory
19900018794.pdf,radius
19900018794.pdf,period
19900018794.pdf,levels
19900018794.pdf,thinwalled tube
19900018794.pdf,norton
19900018794.pdf,stress states
19900018794.pdf,robinson
19900018794.pdf,evolutionary law
19900018794.pdf,temperature
19900018794.pdf,nonproportional
19900018794.pdf,deterioration
19900018794.pdf,nasal lewis research center
19900018794.pdf,druckerdc
19900018794.pdf,composite
19900018794.pdf,literature
19900018794.pdf,creep rate
19900018794.pdf,multiazial
19900018794.pdf,data
19900018794.pdf,interfacial degradation
19900018794.pdf,development
19900018794.pdf,creep model
19900018794.pdf,loading
19900018794.pdf,optimization
19900018794.pdf,ashy
19900018794.pdf,creep failure
19900018794.pdf,tests
19900018794.pdf,measures
19900018794.pdf,micromechanisms
19900018794.pdf,section
19900018794.pdf,lower stress
19900018794.pdf,local maximum
19900018794.pdf,contribution
19900018794.pdf,creep rupture testing
19900018794.pdf,national
19900018794.pdf,internally
19900018794.pdf,calculate
19900018794.pdf,continued
19900018794.pdf,small transverse
19900018794.pdf,entr
19900018794.pdf,hayhurstdr
19900018794.pdf,objective
19900018794.pdf,experiment
19900018794.pdf,controlled
19900018794.pdf,parameter
19900018794.pdf,authors
19900018794.pdf,direction
19900018794.pdf,lifetime
19900018794.pdf,criterion
19900018794.pdf,titranstudies
19900018794.pdf,creep damage
19900018794.pdf,isotropic limit few
19900018794.pdf,creep creep rupture
19900018794.pdf,damage
19900018794.pdf,engineering
19900018794.pdf,prediction
19900018794.pdf,structural
19900018794.pdf,niobium
19900018794.pdf,micro
19900018794.pdf,timedependent
19900018794.pdf,damage invariants
19900018794.pdf,applications
19900018794.pdf,university
19900018794.pdf,planes
19900018794.pdf,idealizations
19900018794.pdf,rimmerde
19900018794.pdf,thestrong
19900018794.pdf,creep problems
19900018794.pdf,figs
19900018794.pdf,creep damage tolerable
19900018794.pdf,alternative
19900018794.pdf,circumferential
19900018794.pdf,metal
19900018794.pdf,pro
19900018794.pdf,creepdeformation
19900018794.pdf,stress controlled void growth
19900018794.pdf,reference stress
19900018794.pdf,relevant
19900018794.pdf,dimensionless
19900018794.pdf,tension
19900018794.pdf,identified
19900018794.pdf,stress
19900018794.pdf,finer
19900018794.pdf,transverse tension
19900018794.pdf,experiments
19900018794.pdf,consistent with
19900018794.pdf,mitikavuma
19900018794.pdf,curves
19900018794.pdf,abstract
19900018794.pdf,extension
19900018794.pdf,minimum value
19900018794.pdf,flow law
19900018794.pdf,influence
19900018794.pdf,nasacrszsd
19900018794.pdf,anisotropic
19900018794.pdf,isotropic
19900018794.pdf,degree
19900018794.pdf,metals
19900018794.pdf,tolerable
19900018794.pdf,enmities
19900018794.pdf,arnold structures
19900018794.pdf,high
19900018794.pdf,effective
19900018794.pdf,primary creep cfpetrasek
19900018794.pdf,space
19900018794.pdf,tube
19900018794.pdf,arguments
19900018794.pdf,surface
19900018794.pdf,anisotropically
19900018794.pdf,opponents
19900018794.pdf,pressure vessels
19900018794.pdf,reduction
19900018794.pdf,subjects
19900018794.pdf,void growth
19900018794.pdf,tungsten niobium
19900018794.pdf,dependence
19900018794.pdf,report
19900018794.pdf,ratio
19900018794.pdf,graph
19900018794.pdf,hayhurst
19900018794.pdf,guidance
19900018794.pdf,lost
19900018794.pdf,estimates
19900018794.pdf,physical meanings
19900018794.pdf,biaxial stress state
19900018794.pdf,linear form fig
19900018794.pdf,words
19900018794.pdf,generalization
19900018794.pdf,damaged material
19900018794.pdf,phenomenological
19900018794.pdf,robinson wkbinienda
19900018794.pdf,reforms
19900018794.pdf,boundary
19900018794.pdf,pomposity
19900018794.pdf,metallic
19900018794.pdf,pressure
19900018794.pdf,primary creep
19900018794.pdf,puffy
19900018794.pdf,thickness
19900018794.pdf,comparing
19900018794.pdf,creep cracks
19900018794.pdf,designs
19900018794.pdf,enforcing fibres
19900018794.pdf,locke
19900018794.pdf,generalizations
19900018794.pdf,strengthening
19900018794.pdf,representation
19900018794.pdf,tungsten finer
19900018794.pdf,material
19900018794.pdf,dimensionless rupture
19900018794.pdf,dysonbf creep damage
19900018794.pdf,circumferential reinforcement
19900018794.pdf,simultaneous
19900018794.pdf,catalogue
19900018794.pdf,rupture
19900018794.pdf,procedure
19900018794.pdf,chabochejl technique
19900018794.pdf,orientation
19900018794.pdf,compromise
19900018794.pdf,longitudinal tension
19900018794.pdf,intergranuiar
19900018794.pdf,mechanism
19900018794.pdf,aaijaodij
19900018794.pdf,kanthal
19900018794.pdf,suppress
19900018798.pdf,boundary condition
19900018798.pdf,security classic
19900018798.pdf,investigated
19900018798.pdf,strainforall
19900018798.pdf,stains
19900018798.pdf,thattension suffer strip
19900018798.pdf,longitudinal strain
19900018798.pdf,course
19900018798.pdf,discrepancy
19900018798.pdf,elevates
19900018798.pdf,slits
19900018798.pdf,tub
19900018798.pdf,investigated
19900018798.pdf,uniweave cloth figure
19900018798.pdf,direction strains
19900018798.pdf,cost
19900018798.pdf,changed
19900018798.pdf,measured
19900018798.pdf,horrid composite
19900018798.pdf,square panel
19900018798.pdf,tension suffer strip panel
19900018798.pdf,initiation
19900018798.pdf,fibres
19900018798.pdf,agency
19900018798.pdf,behavior
19900018798.pdf,manufacture
19900018798.pdf,fracture arrest
19900018798.pdf,tensile strain
19900018798.pdf,compression
19900018798.pdf,equations
19900018798.pdf,curve
19900018798.pdf,kings
19900018798.pdf,dominated
19900018798.pdf,radiogram
19900018798.pdf,shearlag model
19900018798.pdf,corrected
19900018798.pdf,glass
19900018798.pdf,extension nodules
19900018798.pdf,panelstestedfor
19900018798.pdf,examination growth
19900018798.pdf,combiningandandsolvingforxxy
19900018798.pdf,journal
19900018798.pdf,arrest
19900018798.pdf,recipients
19900018798.pdf,coupon
19900018798.pdf,shearlag
19900018798.pdf,fail
19900018798.pdf,farfieldstrainfigureshowsradiographsofthepanelwiththemmslit
19900018798.pdf,length slit panel
19900018798.pdf,nodules
19900018798.pdf,cloth
19900018798.pdf,strength
19900018798.pdf,hear panel
19900018798.pdf,table specificationsofbufferstrippanelsandtestresults
19900018798.pdf,poisons ratio
19900018798.pdf,results
19900018798.pdf,sheet
19900018798.pdf,observation
19900018798.pdf,highest
19900018798.pdf,manufactured
19900018798.pdf,tableshowsthenumberof
19900018798.pdf,engineering fracture
19900018798.pdf,hear specimens
19900018798.pdf,parameter
19900018798.pdf,beforefailure
19900018798.pdf,damage tolerable
19900018798.pdf,fracture roughness
19900018798.pdf,center
19900018798.pdf,principal
19900018798.pdf,loaded
19900018798.pdf,textile weaving
19900018798.pdf,equation
19900018798.pdf,swain
19900018798.pdf,reformation
19900018798.pdf,canals
19900018798.pdf,distance
19900018798.pdf,model
19900018798.pdf,tension panel
19900018798.pdf,cracktip
19900018798.pdf,prepared
19900018798.pdf,notch
19900018798.pdf,postbuckling
19900018798.pdf,bars plates
19900018798.pdf,mechanics
19900018798.pdf,grant
19900018798.pdf,last
19900018798.pdf,allgraphite laminated
19900018798.pdf,plates
19900018798.pdf,typical
19900018798.pdf,contract
19900018798.pdf,slitsreport documentation page
19900018798.pdf,suckling stress
19900018798.pdf,glass woven
19900018798.pdf,values
19900018798.pdf,tension suffer strip panel
19900018798.pdf,narrow suffer
19900018798.pdf,thickest
19900018798.pdf,noticed region
19900018798.pdf,elastic nodules
19900018798.pdf,concentration
19900018798.pdf,baker
19900018798.pdf,adjacent
19900018798.pdf,stiffness
19900018798.pdf,hear panel
19900018798.pdf,test types
19900018798.pdf,suppressed
19900018798.pdf,palmer
19900018798.pdf,compression tresses
19900018798.pdf,hear stress
19900018798.pdf,short slits
19900018798.pdf,administration
19900018798.pdf,composite
19900018798.pdf,year
19900018798.pdf,glass suffer strips
19900018798.pdf,concentration
19900018798.pdf,shrank
19900018798.pdf,substituting
19900018798.pdf,larger
19900018798.pdf,glass uniweave
19900018798.pdf,compared
19900018798.pdf,compression
19900018798.pdf,hear law analysis
19900018798.pdf,increased
19900018798.pdf,hear nodules
19900018798.pdf,crack
19900018798.pdf,laminated
19900018798.pdf,experimental
19900018798.pdf,constrained region
19900018798.pdf,dominant
19900018798.pdf,specially
19900018798.pdf,agency
19900018798.pdf,stress state
19900018798.pdf,grew
19900018798.pdf,compression panel
19900018798.pdf,width
19900018798.pdf,remote
19900018798.pdf,narrow suffer strips
19900018798.pdf,continuous glass panel
19900018798.pdf,correlate
19900018798.pdf,space administration sponsoring
19900018798.pdf,tensile
19900018798.pdf,allgraphite panel
19900018798.pdf,thesheetin
19900018798.pdf,thegraphitefibersonthesideof
19900018798.pdf,allgraphitetypelaminatesshouldbeabouttwothirdsthatof
19900018798.pdf,animal
19900018798.pdf,explicitly model
19900018798.pdf,authors
19900018798.pdf,with
19900018798.pdf,uniaxial
19900018798.pdf,solid symbols
19900018798.pdf,strengthsand
19900018798.pdf,lengths
19900018798.pdf,predicted
19900018798.pdf,garfield tensile strain
19900018798.pdf,predictions
19900018798.pdf,thebufferslripdropoff
19900018798.pdf,rate
19900018798.pdf,transforming
19900018798.pdf,cross
19900018798.pdf,cracks
19900018798.pdf,testing
19900018798.pdf,altar
19900018798.pdf,noticed strength
19900018798.pdf,examinations
19900018798.pdf,critical garfield longitudinal strain
19900018798.pdf,cases
19900018798.pdf,arrest panel
19900018798.pdf,experimental results
19900018798.pdf,reducing
19900018798.pdf,crackling damage
19900018798.pdf,tension panel
19900018798.pdf,crosssection
19900018798.pdf,slit
19900018798.pdf,noncritical matrix
19900018798.pdf,supposition
19900018798.pdf,radiograms
19900018798.pdf,load
19900018798.pdf,examination region
19900018798.pdf,tested
19900018798.pdf,layers
19900018798.pdf,reference
19900018798.pdf,shearlag analysis
19900018798.pdf,highandlow strainfibers
19900018798.pdf,failure
19900018798.pdf,isotropic materials
19900018798.pdf,affected
19900018798.pdf,structures
19900018798.pdf,they
19900018798.pdf,layer
19900018798.pdf,usually
19900018798.pdf,postbuckled panel strength
19900018798.pdf,fracture behavior
19900018798.pdf,noticed tensile tests
19900018798.pdf,shape
19900018798.pdf,nearby suffer strips
19900018798.pdf,sample
19900018798.pdf,constant
19900018798.pdf,lake
19900018798.pdf,cutlets
19900018798.pdf,glass cellar
19900018798.pdf,hear tests
19900018798.pdf,linear elastic
19900018798.pdf,length
19900018798.pdf,continuous
19900018798.pdf,quasiisotropic
19900018798.pdf,organization
19900018798.pdf,net section
19900018798.pdf,suffer materials
19900018798.pdf,woven
19900018798.pdf,laminated
19900018798.pdf,fracture strength
19900018798.pdf,calculated
19900018798.pdf,stripswill
19900018798.pdf,garfield longitudinal strain
19900018798.pdf,strain
19900018798.pdf,ends
19900018798.pdf,constrained
19900018798.pdf,andbecauseof
19900018798.pdf,partially
19900018798.pdf,showsthatbuffer strip
19900018798.pdf,references
19900018798.pdf,assessment
19900018798.pdf,period
19900018798.pdf,union
19900018798.pdf,centernotched fracture
19900018798.pdf,cywheregxyis
19900018798.pdf,belowthefailing strain
19900018798.pdf,suffer strip panel
19900018798.pdf,graphics
19900018798.pdf,overestimated
19900018798.pdf,warp direction
19900018798.pdf,composite
19900018798.pdf,compression tresses
19900018798.pdf,accurately
19900018798.pdf,edge
19900018798.pdf,data
19900018798.pdf,suffer strip
19900018798.pdf,lay
19900018798.pdf,nasal
19900018798.pdf,theadjacent
19900018798.pdf,away
19900018798.pdf,glass fibres
19900018798.pdf,grew
19900018798.pdf,strength
19900018798.pdf,the
19900018798.pdf,thebufferstripisloweredanditispossibletofail
19900018798.pdf,loading
19900018798.pdf,tape
19900018798.pdf,unnoticed
19900018798.pdf,horrid suffer
19900018798.pdf,perpendicular
19900018798.pdf,tests
19900018798.pdf,section
19900018798.pdf,cracktips
19900018798.pdf,pacing
19900018798.pdf,suffer strips
19900018798.pdf,slit
19900018798.pdf,young nodules
19900018798.pdf,radiographed
19900018798.pdf,werethin andcouldbucklebeforetheslit
19900018798.pdf,sectional area
19900018798.pdf,thebufferstripnexttothecrackfailed
19900018798.pdf,parameter
19900018798.pdf,suffer
19900018798.pdf,direction
19900018798.pdf,geometry
19900018798.pdf,plyopigitqal
19900018798.pdf,criterion
19900018798.pdf,epoch composite
19900018798.pdf,vessels
19900018798.pdf,direction
19900018798.pdf,mechanical engineering
19900018798.pdf,shown
19900018798.pdf,cloth test
19900018798.pdf,implies
19900018798.pdf,hear
19900018798.pdf,damage
19900018798.pdf,reduced
19900018798.pdf,engineering
19900018798.pdf,prediction
19900018798.pdf,centerline
19900018798.pdf,compression stress
19900018798.pdf,cracks
19900018798.pdf,specimen
19900018798.pdf,falls
19900018798.pdf,examination
19900018798.pdf,tension panel figure
19900018798.pdf,width
19900018798.pdf,elevate
19900018798.pdf,damage region
19900018798.pdf,specimens
19900018798.pdf,suffer material
19900018798.pdf,linear elastic fracture
19900018798.pdf,correlation
19900018798.pdf,tension
19900018798.pdf,fibrous composite
19900018798.pdf,stress
19900018798.pdf,procedures
19900018798.pdf,tensile fracture
19900018798.pdf,open symbols
19900018798.pdf,finer
19900018798.pdf,ply panel
19900018798.pdf,analytical results
19900018798.pdf,fracture strain
19900018798.pdf,residual
19900018798.pdf,strains
19900018798.pdf,degree
19900018798.pdf,strain
19900018798.pdf,configuration
19900018798.pdf,fill fibres
19900018798.pdf,effective
19900018798.pdf,glass suffer
19900018798.pdf,strip
19900018798.pdf,strips
19900018798.pdf,failed
19900018798.pdf,specific
19900018798.pdf,failing
19900018798.pdf,thecrack
19900018798.pdf,multiplying
19900018798.pdf,comparison
19900018798.pdf,carried
19900018798.pdf,test
19900018798.pdf,white
19900018798.pdf,coordinate
19900018798.pdf,increase
19900018798.pdf,suffer strip panel
19900018798.pdf,report
19900018798.pdf,ratio
19900018798.pdf,propagation
19900018798.pdf,glass suffer material
19900018798.pdf,arrested
19900018798.pdf,panel
19900018798.pdf,thin
19900018798.pdf,thedatatakenjust
19900018798.pdf,aeronautics
19900018798.pdf,analysis
19900018798.pdf,panel
19900018798.pdf,mode
19900018798.pdf,woven graphiteepoxy
19900018798.pdf,plain panel
19900018798.pdf,fracture
19900018798.pdf,fracture strains
19900018798.pdf,elastic suckling analysis
19900018798.pdf,thickness
19900018798.pdf,group
19900018798.pdf,crack opening displacement
19900018798.pdf,technical
19900018798.pdf,fracture stress
19900018798.pdf,tensionandshearpanelswereloadedto failure
19900018798.pdf,fractures
19900018798.pdf,process
19900018798.pdf,damage panel
19900018798.pdf,toe see appendix
19900018798.pdf,combined
19900018798.pdf,strain strain
19900018798.pdf,compare
19900018798.pdf,fracture analysis
19900018798.pdf,intrinsic loads
19900018798.pdf,low fracture
19900018798.pdf,cutoutsaroundtheslit
19900018798.pdf,lies
19900018798.pdf,cloth panel
19900018798.pdf,catalogue
19900018798.pdf,measure
19900018798.pdf,thebuffer
19900018798.pdf,fracture initiation
19900018798.pdf,suckling
19900018860.pdf,smith hood
19900018860.pdf,response
19900018860.pdf,apparent
19900018860.pdf,average
19900018860.pdf,amiability
19900018860.pdf,center panel
19900018860.pdf,willultimately
19900018860.pdf,evacuated
19900018860.pdf,forlongterm
19900018860.pdf,resources
19900018860.pdf,instrument
19900018860.pdf,scales
19900018860.pdf,ozone response measurement
19900018860.pdf,forcing
19900018860.pdf,concentration
19900018860.pdf,trot
19900018860.pdf,cooling
19900018860.pdf,detect
19900018860.pdf,calculations
19900018860.pdf,discrepancy
19900018860.pdf,approximately
19900018860.pdf,estimate
19900018860.pdf,semiannual
19900018860.pdf,time interval
19900018860.pdf,equatorial latitude
19900018860.pdf,heath
19900018860.pdf,simulated
19900018860.pdf,equator
19900018860.pdf,middle
19900018860.pdf,components
19900018860.pdf,upper
19900018860.pdf,change
19900018860.pdf,ofstratospheric ozone
19900018860.pdf,local
19900018860.pdf,continuous
19900018860.pdf,independent
19900018860.pdf,latitude bands
19900018860.pdf,schlesinger hood
19900018860.pdf,changes
19900018860.pdf,newtonian
19900018860.pdf,individual
19900018860.pdf,wavelengths
19900018860.pdf,elevenyear
19900018860.pdf,decreases
19900018860.pdf,sensitivity
19900018860.pdf,cycle
19900018860.pdf,dog
19900018860.pdf,approximation
19900018860.pdf,measured
19900018860.pdf,stratospheric
19900018860.pdf,klux
19900018860.pdf,phase
19900018860.pdf,cantrelland
19900018860.pdf,dynamically
19900018860.pdf,characterize
19900018860.pdf,interpretation
19900018860.pdf,variable
19900018860.pdf,activeregion development
19900018860.pdf,lowlatitude response
19900018860.pdf,ozonesolar
19900018860.pdf,linear repression methods
19900018860.pdf,stroke
19900018860.pdf,interval
19900018860.pdf,rational
19900018860.pdf,response measurement
19900018860.pdf,hood
19900018860.pdf,seasonal ozone
19900018860.pdf,effectofchanges
19900018860.pdf,problem
19900018860.pdf,reproducibility
19900018860.pdf,description
19900018860.pdf,solarirradiance
19900018860.pdf,visual
19900018860.pdf,calculated
19900018860.pdf,active region
19900018860.pdf,global response
19900018860.pdf,limits
19900018860.pdf,akin
19900018860.pdf,repression
19900018860.pdf,instrument sensitivitydriftduring
19900018860.pdf,diiicultyofdetecting
19900018860.pdf,shorter
19900018860.pdf,fluctuation
19900018860.pdf,level
19900018860.pdf,heating
19900018860.pdf,limbs measurement
19900018860.pdf,quand ozone syrupy
19900018860.pdf,brosseuertol
19900018860.pdf,consistent with
19900018860.pdf,molecular oxygen important
19900018860.pdf,seasonal variations
19900018860.pdf,atmosphere time series positive
19900018860.pdf,allow
19900018860.pdf,compared
19900018860.pdf,middle atmosphere
19900018860.pdf,ozone
19900018860.pdf,empirical
19900018860.pdf,latitude
19900018860.pdf,longer
19900018860.pdf,descended day running mean
19900018860.pdf,top panel
19900018860.pdf,increased
19900018860.pdf,theoretical profile
19900018860.pdf,cantrell stratospheric ozone
19900018860.pdf,solar
19900018860.pdf,core ratio
19900018860.pdf,detection
19900018860.pdf,natural
19900018860.pdf,daytoday
19900018860.pdf,annual
19900018860.pdf,intervals
19900018860.pdf,result
19900018860.pdf,radiance
19900018860.pdf,corrected
19900018860.pdf,hood hood
19900018860.pdf,descended equatorial ozone
19900018860.pdf,seat
19900018860.pdf,overlap
19900018860.pdf,years
19900018860.pdf,maximum
19900018860.pdf,young
19900018860.pdf,time scales
19900018860.pdf,time intervals
19900018860.pdf,ozone responses
19900018860.pdf,solarrotation
19900018860.pdf,eruption
19900018860.pdf,peaktopeak
19900018860.pdf,models
19900018860.pdf,laboratory silver spring
19900018860.pdf,responses
19900018860.pdf,period
19900018860.pdf,enovsep
19900018860.pdf,profilesand
19900018860.pdf,evidence
19900018860.pdf,dashed lines
19900018860.pdf,short gaps
19900018860.pdf,stratospheric ozone
19900018860.pdf,atoms si
19900018860.pdf,complicated
19900018860.pdf,levels
19900018860.pdf,maxim
19900018860.pdf,lifetime
19900018860.pdf,radiating
19900018860.pdf,same temperatures
19900018860.pdf,studies
19900018860.pdf,onedimensional model
19900018860.pdf,but
19900018860.pdf,latitude
19900018860.pdf,approximate
19900018860.pdf,usually
19900018860.pdf,analyzed
19900018860.pdf,temperature
19900018860.pdf,attitudes
19900018860.pdf,equatorial
19900018860.pdf,solar rotation time scale
19900018860.pdf,comparison
19900018860.pdf,relativelyshort
19900018860.pdf,temporal
19900018860.pdf,response aptitude
19900018860.pdf,increase
19900018860.pdf,results
19900018860.pdf,bones
19900018860.pdf,radiating photochemical code
19900018860.pdf,days
19900018860.pdf,photodissociation
19900018860.pdf,ratio
19900018860.pdf,time intervals error
19900018860.pdf,stratosphere
19900018860.pdf,theoretical
19900018860.pdf,solar rotation
19900018860.pdf,fjfmamjjasondj
19900018860.pdf,fmamjjasondjfmamj jason
19900018860.pdf,data
19900018860.pdf,early
19900018860.pdf,time scale
19900018860.pdf,ultraviolet
19900018860.pdf,measurement
19900018860.pdf,estimates
19900018860.pdf,quantitative
19900018860.pdf,special radiance noma
19900018860.pdf,dependence
19900018860.pdf,lowlatitude
19900018860.pdf,soul ozone
19900018860.pdf,eating
19900018860.pdf,temporal behavior
19900018860.pdf,nicholson
19900018860.pdf,upper stratosphere
19900018860.pdf,associated with
19900018860.pdf,onedimensional time
19900018860.pdf,temperature response
19900018860.pdf,interval
19900018860.pdf,variation
19900018860.pdf,time series
19900018860.pdf,lengths
19900018860.pdf,solar mesosphere explorer
19900018860.pdf,case
19900018860.pdf,solid lines
19900018860.pdf,smith
19900018860.pdf,analysis
19900018860.pdf,minimize
19900018860.pdf,atmosphere ozone
19900018860.pdf,finally averaged
19900018860.pdf,rate
19900018860.pdf,monthly
19900018860.pdf,supposes
19900018860.pdf,standard deviations
19900018860.pdf,error
19900018860.pdf,situations
19900018860.pdf,estimating
19900018860.pdf,wavelength
19900018860.pdf,gaze
19900018860.pdf,foregone
19900018860.pdf,chosen
19900018860.pdf,oscillation
19900018860.pdf,monitor
19900018860.pdf,local mean
19900018860.pdf,sensitivities
19900018860.pdf,ville
19900018860.pdf,relationship
19900018860.pdf,induced
19900018860.pdf,locations
19900018860.pdf,geophs
19900018860.pdf,solar activity
19900018860.pdf,satellitedata
19900018860.pdf,variations
19900018860.pdf,rates
19900018860.pdf,increasing
19900018860.pdf,aptitude
19900018860.pdf,douglas
19900018860.pdf,statisticalsignificance
19900018860.pdf,interannual
19900018860.pdf,longerterm
19900018860.pdf,mizimrotio
19900018860.pdf,photochemistry
19900018860.pdf,bar
19900018860.pdf,cases
19900018860.pdf,observations
19900018860.pdf,ratio
19900018860.pdf,attitude
19900018860.pdf,garrett
19900018860.pdf,photochemical equilibrium
19900018860.pdf,inferlongterm
19900018860.pdf,same
19900018860.pdf,donnelly
19900018860.pdf,itisintermediate
19900018860.pdf,agreement
19900018860.pdf,model
19900018860.pdf,reaction
19900018860.pdf,phase
19900018860.pdf,pent
19900018860.pdf,solar cycle
19900018860.pdf,limbs but
19900018860.pdf,selected
19900018860.pdf,seasonal
19900018860.pdf,pitt response
19900018860.pdf,upper stratospheric ozone
19900018860.pdf,supposition
19900018860.pdf,alternate time scale
19900018860.pdf,strong
19900018860.pdf,drift
19900018860.pdf,deviations
19900018860.pdf,circulation
19900018860.pdf,radiativephotochemical models
19900018860.pdf,national space
19900018860.pdf,plantar
19900018860.pdf,longer
19900018860.pdf,satellite
19900018860.pdf,supposed shorterterm
19900018860.pdf,phases
19900018860.pdf,simultaneous
19900018860.pdf,amplitudes
19900018860.pdf,limbs data sets
19900018860.pdf,correlation
19900018860.pdf,dynamic
19900018860.pdf,comparisons
19900018860.pdf,limbs but
19900018860.pdf,sounder
19900018860.pdf,footman
19900018860.pdf,ozone response
19900018860.pdf,data center
19900018860.pdf,longer drift
19900018860.pdf,coupled
19900018860.pdf,schlesinger
19900018860.pdf,observed
19900018860.pdf,stimulation
19900018860.pdf,mesospheric
19900018860.pdf,solarultravioletvariations
19900018860.pdf,sources
19900018860.pdf,isolate
19900018860.pdf,volcanic
19900018860.pdf,the
19900018860.pdf,lower panel
19900018860.pdf,chasseur
19900018860.pdf,solarcycle
19900018860.pdf,dashed line model
19900018860.pdf,analysis
19900018860.pdf,income
19900018860.pdf,year
19900018860.pdf,paper into
19900018860.pdf,diurnal
19900018865.pdf,amiability
19900018865.pdf,distribution
19900018865.pdf,seasonal features
19900018865.pdf,course
19900018865.pdf,influx
19900018865.pdf,winter
19900018865.pdf,reversal
19900018865.pdf,decreases
19900018865.pdf,blocks
19900018865.pdf,phase
19900018865.pdf,centres
19900018865.pdf,atmosphere ozone senior
19900018865.pdf,plantar waves
19900018865.pdf,heights
19900018865.pdf,atlantic
19900018865.pdf,julian
19900018865.pdf,dates
19900018865.pdf,irltensitv
19900018865.pdf,phases
19900018865.pdf,waves
19900018865.pdf,ozone
19900018865.pdf,latitude
19900018865.pdf,thermodynamic regime
19900018865.pdf,alsatian
19900018865.pdf,arab
19900018865.pdf,novo
19900018865.pdf,thermobaric systems
19900018865.pdf,voices
19900018865.pdf,nirthef
19900018865.pdf,solar cycle
19900018865.pdf,counterpoise
19900018865.pdf,high
19900018865.pdf,maxim
19900018865.pdf,lowtohigh
19900018865.pdf,results
19900018865.pdf,stratosphere
19900018865.pdf,data
19900018865.pdf,vortex
19900018865.pdf,associated with
19900018865.pdf,subtropical latitude
19900018865.pdf,stations
19900018865.pdf,features
19900018865.pdf,development
19900018865.pdf,intensity
19900018865.pdf,plantar ave
19900018865.pdf,scherer
19900018865.pdf,oscillation
19900018865.pdf,march
19900018865.pdf,solar activity
19900018865.pdf,variations
19900018865.pdf,western
19900018865.pdf,principal
19900018865.pdf,interannual
19900018865.pdf,latitudinal
19900018865.pdf,markov
19900018865.pdf,inflow
19900018865.pdf,arid middle
19900018865.pdf,eddy
19900018865.pdf,thermodynamic regime
19900018865.pdf,leningrad
19900018865.pdf,februarymarch
19900018865.pdf,solar cycle
19900018865.pdf,time variations
19900018865.pdf,solar cycle maximum
19900018865.pdf,conditions
19900018865.pdf,circulation
19900018865.pdf,transported
19900018865.pdf,plantar
19900018865.pdf,area
19900018865.pdf,stimulated
19900018865.pdf,amplitudes
19900018865.pdf,latitudinal exchange
19900018865.pdf,dynamic
19900018865.pdf,connections
19900018865.pdf,dolgoprudny
19900018865.pdf,spring
19900018865.pdf,observed
19900018865.pdf,temperate
19900018865.pdf,inter
19900018865.pdf,affected
19900018865.pdf,increases
19900018865.pdf,local wave number
19900018873.pdf,response
19900018873.pdf,amiability
19900018873.pdf,bubo
19900018873.pdf,mostimportantspein
19900018873.pdf,solar portions
19900018873.pdf,repletion
19900018873.pdf,association
19900018873.pdf,higher
19900018873.pdf,nasal coward space
19900018873.pdf,atoms
19900018873.pdf,noywill
19900018873.pdf,geodhys
19900018873.pdf,nitric oxide
19900018873.pdf,abundance
19900018873.pdf,perturbation
19900018873.pdf,computer jackson
19900018873.pdf,space agency
19900018873.pdf,winter
19900018873.pdf,university
19900018873.pdf,heath
19900018873.pdf,hydrogen cadet space
19900018873.pdf,theoretical interpretation
19900018873.pdf,production
19900018873.pdf,investigated
19900018873.pdf,time
19900018873.pdf,dislocations
19900018873.pdf,changes
19900018873.pdf,surprlzlng
19900018873.pdf,decreases
19900018873.pdf,species
19900018873.pdf,asymmetries
19900018873.pdf,attitude latitude
19900018873.pdf,stratospheric
19900018873.pdf,magnitude
19900018873.pdf,reliability
19900018873.pdf,ultraviolet klux
19900018873.pdf,sees
19900018873.pdf,resident
19900018873.pdf,investigations
19900018873.pdf,colleaguesuniversity
19900018873.pdf,behavior
19900018873.pdf,theyear
19900018873.pdf,use
19900018873.pdf,equilibrium
19900018873.pdf,reactive
19900018873.pdf,mount
19900018873.pdf,not photochemistry
19900018873.pdf,jackson sees
19900018873.pdf,not drift
19900018873.pdf,half
19900018873.pdf,kate twodimensional
19900018873.pdf,level
19900018873.pdf,constituents
19900018873.pdf,research
19900018873.pdf,yearly
19900018873.pdf,anne
19900018873.pdf,source
19900018873.pdf,laboratory
19900018873.pdf,noyspecies
19900018873.pdf,fraction
19900018873.pdf,middle atmosphere
19900018873.pdf,comments
19900018873.pdf,icon
19900018873.pdf,atmosphere
19900018873.pdf,ozone
19900018873.pdf,themesospherew
19900018873.pdf,photochemical sequence
19900018873.pdf,latitude
19900018873.pdf,ionizations
19900018873.pdf,discussion
19900018873.pdf,ion pair
19900018873.pdf,paeodh
19900018873.pdf,near
19900018873.pdf,influence
19900018873.pdf,seasons
19900018873.pdf,not amounts
19900018873.pdf,solar
19900018873.pdf,grid spacingandfromsto
19900018873.pdf,annual
19900018873.pdf,condition
19900018873.pdf,result
19900018873.pdf,amputations
19900018873.pdf,press
19900018873.pdf,kill
19900018873.pdf,productionwasinput
19900018873.pdf,kansaswhichallowsfor
19900018873.pdf,corrected
19900018873.pdf,isaksen
19900018873.pdf,not change
19900018873.pdf,astrophysical plantar
19900018873.pdf,years
19900018873.pdf,maximum
19900018873.pdf,solar cycle
19900018873.pdf,death
19900018873.pdf,models
19900018873.pdf,uotoun
19900018873.pdf,separate
19900018873.pdf,impact
19900018873.pdf,period
19900018873.pdf,odd nitrogen
19900018873.pdf,not constituents
19900018873.pdf,ill iiiitllliiiji
19900018873.pdf,geonhys yes left
19900018873.pdf,twodimensional models
19900018873.pdf,stratospheric ozone
19900018873.pdf,levels
19900018873.pdf,papers
19900018873.pdf,atomic nitrogen
19900018873.pdf,studies
19900018873.pdf,rush
19900018873.pdf,kate
19900018873.pdf,point models
19900018873.pdf,seasonal values
19900018873.pdf,attitudes
19900018873.pdf,energy deposition
19900018873.pdf,comparison
19900018873.pdf,not species
19900018873.pdf,mannersimilar
19900018873.pdf,increase
19900018873.pdf,integral
19900018873.pdf,amputation
19900018873.pdf,meade
19900018873.pdf,results
19900018873.pdf,days
19900018873.pdf,atmosphere models
19900018873.pdf,ratio
19900018873.pdf,solar cycle time
19900018873.pdf,stratosphere
19900018873.pdf,computationsfor
19900018873.pdf,data
19900018873.pdf,early
19900018873.pdf,physical script
19900018873.pdf,measurement
19900018873.pdf,event
19900018873.pdf,odd nitrogen family
19900018873.pdf,green efficlencles
19900018873.pdf,neutral
19900018873.pdf,budget
19900018873.pdf,ion chemistry
19900018873.pdf,associated with
19900018873.pdf,twodimensional model
19900018873.pdf,relativistic proto
19900018873.pdf,balance
19900018873.pdf,predicted
19900018873.pdf,ozone change
19900018873.pdf,dissociative
19900018873.pdf,honor
19900018873.pdf,satellite measurement
19900018873.pdf,investigation
19900018873.pdf,analysis
19900018873.pdf,solar proto events
19900018873.pdf,timescales
19900018873.pdf,atomsproducedper ion pair porter
19900018873.pdf,limbs limb
19900018873.pdf,hemisphere
19900018873.pdf,version
19900018873.pdf,associateassumingnitrogen
19900018873.pdf,tests
19900018873.pdf,guthrie
19900018873.pdf,effects
19900018873.pdf,limb inflamed monitor
19900018873.pdf,longer effects
19900018873.pdf,douglas
19900018873.pdf,excavations
19900018873.pdf,observations
19900018873.pdf,intercomparlson
19900018873.pdf,stolarski
19900018873.pdf,geomagnetic latitude
19900018873.pdf,absent
19900018873.pdf,same
19900018873.pdf,wanders
19900018873.pdf,model
19900018873.pdf,pacing
19900018873.pdf,measurement
19900018873.pdf,variation
19900018873.pdf,solar cycle
19900018873.pdf,stratospheric ozone response
19900018873.pdf,seasonal
19900018873.pdf,deletions
19900018873.pdf,computeidonpair productionfor
19900018873.pdf,computer
19900018873.pdf,effect
19900018873.pdf,mesosphere
19900018873.pdf,solar proto event
19900018873.pdf,particle
19900018873.pdf,inclusion
19900018873.pdf,discussed
19900018873.pdf,reid
19900018873.pdf,months
19900018873.pdf,longer
19900018873.pdf,oxygen
19900018873.pdf,manuscriptreferences
19900018873.pdf,mostspeshowevefror
19900018873.pdf,pratzen
19900018873.pdf,amount
19900018873.pdf,too putrid
19900018873.pdf,production
19900018873.pdf,northern
19900018873.pdf,authors
19900018873.pdf,footman
19900018873.pdf,photochemical models
19900018873.pdf,spring
19900018873.pdf,stolarskl
19900018873.pdf,peters
19900018873.pdf,observed
19900018873.pdf,summer
19900018873.pdf,destruction
19900018873.pdf,odd nitrogen not abundance
19900018873.pdf,affected
19900018873.pdf,increases
19900018873.pdf,flight center
19900018873.pdf,sources
19900018873.pdf,krueger
19900018873.pdf,tushin
19900018873.pdf,year
19900018873.pdf,not values
19900018873.pdf,jackson
19900018873.pdf,intercomparison
19900018874.pdf,distribution
19900018874.pdf,satellites
19900018874.pdf,spot finland
19900018874.pdf,amiability
19900018874.pdf,hemisphere
19900018874.pdf,depth
19900018874.pdf,radiowaves
19900018874.pdf,of velinov
19900018874.pdf,higher
19900018874.pdf,rough estimates
19900018874.pdf,cry
19900018874.pdf,inn
19900018874.pdf,baker
19900018874.pdf,interaction
19900018874.pdf,james terrphysma she
19900018874.pdf,precipitating
19900018874.pdf,magnetospheric origin
19900018874.pdf,propagation
19900018874.pdf,energy losses
19900018874.pdf,structure
19900018874.pdf,solar flare
19900018874.pdf,calculations
19900018874.pdf,stoppingpower
19900018874.pdf,treated
19900018874.pdf,merger
19900018874.pdf,estimate
19900018874.pdf,inner zone
19900018874.pdf,stimulated
19900018874.pdf,ionosphere
19900018874.pdf,electron population
19900018874.pdf,below
19900018874.pdf,winter
19900018874.pdf,shelter
19900018874.pdf,cosparxxvi
19900018874.pdf,changes
19900018874.pdf,individual
19900018874.pdf,monitoring
19900018874.pdf,approximation
19900018874.pdf,vampola
19900018874.pdf,measured
19900018874.pdf,klux
19900018874.pdf,near equator
19900018874.pdf,sons
19900018874.pdf,absorption efficient
19900018874.pdf,fragmentation
19900018874.pdf,profile
19900018874.pdf,portions
19900018874.pdf,men
19900018874.pdf,protonsaltkrn
19900018874.pdf,nestorov
19900018874.pdf,interactions
19900018874.pdf,niagara
19900018874.pdf,solarcycle phase
19900018874.pdf,extent
19900018874.pdf,jgeophys
19900018874.pdf,newark
19900018874.pdf,deposition
19900018874.pdf,precipitating electron specters
19900018874.pdf,south atlantic animal
19900018874.pdf,sister
19900018874.pdf,jgeophysres
19900018874.pdf,profile
19900018874.pdf,allow attitudes
19900018874.pdf,grigoriyan
19900018874.pdf,astrophysics
19900018874.pdf,studio goeth
19900018874.pdf,isa
19900018874.pdf,enhancement
19900018874.pdf,trajectories
19900018874.pdf,nuclear
19900018874.pdf,eat
19900018874.pdf,source
19900018874.pdf,auroral electron
19900018874.pdf,velinov
19900018874.pdf,room
19900018874.pdf,eden
19900018874.pdf,relations
19900018874.pdf,anomalies
19900018874.pdf,bias
19900018874.pdf,decay channels
19900018874.pdf,corpuscular radiation
19900018874.pdf,ohzorsaatellite
19900018874.pdf,earth
19900018874.pdf,imhof
19900018874.pdf,mitka indian radio space
19900018874.pdf,calculation
19900018874.pdf,air constituents
19900018874.pdf,fraction
19900018874.pdf,middle atmosphere
19900018874.pdf,interplanetary space
19900018874.pdf,atmosphere
19900018874.pdf,abstract
19900018874.pdf,electron precipitating
19900018874.pdf,nuclear data tables
19900018874.pdf,latitude
19900018874.pdf,trees
19900018874.pdf,population
19900018874.pdf,berg
19900018874.pdf,money
19900018874.pdf,energy
19900018874.pdf,comic ray nuclei
19900018874.pdf,magnetospheric boundary changes
19900018874.pdf,residual
19900018874.pdf,manmadeactivity grigoryaent
19900018874.pdf,electromagnetic radiation
19900018874.pdf,control
19900018874.pdf,balloons
19900018874.pdf,near
19900018874.pdf,solar
19900018874.pdf,aktivny
19900018874.pdf,physics
19900018874.pdf,amputations
19900018874.pdf,dominant figure
19900018874.pdf,range
19900018874.pdf,photoeffect
19900018874.pdf,isotropic
19900018874.pdf,penetration
19900018874.pdf,maximum
19900018874.pdf,academic press
19900018874.pdf,ofcvertica
19900018874.pdf,losses
19900018874.pdf,elastic nuclear interaction
19900018874.pdf,significant
19900018874.pdf,ionization
19900018874.pdf,impact
19900018874.pdf,component
19900018874.pdf,creation
19900018874.pdf,secondarily
19900018874.pdf,francis jgeophysres
19900018874.pdf,dominant
19900018874.pdf,angular diffusion
19900018874.pdf,effective
19900018874.pdf,herbert
19900018874.pdf,outer edge
19900018874.pdf,vampola geophysreslett
19900018874.pdf,meteorological
19900018874.pdf,complicated
19900018874.pdf,charge state
19900018874.pdf,maxim
19900018874.pdf,york
19900018874.pdf,atrophy
19900018874.pdf,latitude
19900018874.pdf,night
19900018874.pdf,accurate
19900018874.pdf,electron specters
19900018874.pdf,monoenergetic elections
19900018874.pdf,remote
19900018874.pdf,fluckiger
19900018874.pdf,inn jgeophysres
19900018874.pdf,comparison
19900018874.pdf,drift loss cone
19900018874.pdf,lactic
19900018874.pdf,increase
19900018874.pdf,bones
19900018874.pdf,heels
19900018874.pdf,rigidity
19900018874.pdf,orbital elections
19900018874.pdf,decay
19900018874.pdf,peaks
19900018874.pdf,nuclei
19900018874.pdf,sir
19900018874.pdf,geomagnetic filter
19900018874.pdf,cuff rigidity
19900018874.pdf,us cone
19900018874.pdf,good
19900018874.pdf,decrease
19900018874.pdf,study
19900018874.pdf,report
19900018874.pdf,data
19900018874.pdf,estimates
19900018874.pdf,nuclear interactions
19900018874.pdf,magnetic field according
19900018874.pdf,measurement
19900018874.pdf,contribute
19900018874.pdf,geophysres
19900018874.pdf,money
19900018874.pdf,collision
19900018874.pdf,attitude profile
19900018874.pdf,ranges
19900018874.pdf,plasmapausecontributing
19900018874.pdf,macdonald
19900018874.pdf,space science
19900018874.pdf,less
19900018874.pdf,associated with
19900018874.pdf,variation
19900018874.pdf,emitted
19900018874.pdf,knowledge
19900018874.pdf,predicted
19900018874.pdf,changing
19900018874.pdf,elections
19900018874.pdf,intensity
19900018874.pdf,connection
19900018874.pdf,parameter
19900018874.pdf,factors
19900018874.pdf,elastic nuclear interactions
19900018874.pdf,pitchangle
19900018874.pdf,local time
19900018874.pdf,induced
19900018874.pdf,geomagnetic field
19900018874.pdf,seasonal variation
19900018874.pdf,variations
19900018874.pdf,stable
19900018874.pdf,driftloss cone
19900018874.pdf,enhanced
19900018874.pdf,me energy
19900018874.pdf,doran
19900018874.pdf,latitudinal
19900018874.pdf,cases
19900018874.pdf,solar flare particles
19900018874.pdf,mamma rays
19900018874.pdf,population
19900018874.pdf,slot
19900018874.pdf,take
19900018874.pdf,initial
19900018874.pdf,gotselyuk
19900018874.pdf,gray profile
19900018874.pdf,she
19900018874.pdf,calculate
19900018874.pdf,estimation figure
19900018874.pdf,energy specters
19900018874.pdf,measurement
19900018874.pdf,probability
19900018874.pdf,solar cycle
19900018874.pdf,concept
19900018874.pdf,precipitate
19900018874.pdf,narrow interval
19900018874.pdf,bullastronlnstczech
19900018874.pdf,angular
19900018874.pdf,geomagnetic activity
19900018874.pdf,electronic
19900018874.pdf,angular scattering
19900018874.pdf,nonvertical
19900018874.pdf,nucleus
19900018874.pdf,compilation
19900018874.pdf,charge composition
19900018874.pdf,particle
19900018874.pdf,ideelxevg
19900018874.pdf,radiating losses
19900018874.pdf,temporal profile
19900018874.pdf,satellite
19900018874.pdf,transmitted
19900018874.pdf,adams
19900018874.pdf,swmagnetosphere
19900018874.pdf,plantar
19900018874.pdf,geomagnetic storms
19900018874.pdf,measure
19900018874.pdf,production
19900018874.pdf,parameter
19900018874.pdf,electron
19900018874.pdf,deposit
19900018874.pdf,rickets
19900018874.pdf,geostationary orbit
19900018874.pdf,summer
19900018874.pdf,of
19900018874.pdf,formula
19900018874.pdf,sources
19900018874.pdf,increases
19900018874.pdf,affected
19900018874.pdf,estimation
19900018874.pdf,magnetosphere
19900018874.pdf,proto
19900018874.pdf,resonance conditions
19900018874.pdf,penetrating
19900018874.pdf,wave
19900018874.pdf,parent
19900018874.pdf,scattered
19900018874.pdf,specters
19900018874.pdf,especially
19900018874.pdf,global
19900018888.pdf,distribution
19900018888.pdf,base
19900018888.pdf,expel
19900018888.pdf,average
19900018888.pdf,approximate
19900018888.pdf,prediction
19900018888.pdf,distribution
19900018888.pdf,casual
19900018888.pdf,solar flares
19900018888.pdf,constant
19900018888.pdf,time interval
19900018888.pdf,ionosphere
19900018888.pdf,independent
19900018888.pdf,seporotel
19900018888.pdf,days
19900018888.pdf,monitoring
19900018888.pdf,probability
19900018888.pdf,approximation
19900018888.pdf,consequences
19900018888.pdf,phase
19900018888.pdf,sun joint
19900018888.pdf,probability
19900018888.pdf,expression
19900018888.pdf,problem
19900018888.pdf,description
19900018888.pdf,conditioned
19900018888.pdf,expressions
19900018888.pdf,disturbances
19900018888.pdf,flares
19900018888.pdf,geophysical data
19900018888.pdf,phases
19900018888.pdf,satisfactory
19900018888.pdf,obtained
19900018888.pdf,empirical
19900018888.pdf,predictable
19900018888.pdf,control
19900018888.pdf,solar
19900018888.pdf,express
19900018888.pdf,natural
19900018888.pdf,spatial
19900018888.pdf,figvariation
19900018888.pdf,result
19900018888.pdf,range
19900018888.pdf,formula
19900018888.pdf,sudden
19900018888.pdf,maximum
19900018888.pdf,solar disk
19900018888.pdf,published
19900018888.pdf,assessment
19900018888.pdf,solar activity
19900018888.pdf,characterized
19900018888.pdf,period
19900018888.pdf,experimental
19900018888.pdf,flare
19900018888.pdf,solaroctivit
19900018888.pdf,approximate
19900018888.pdf,empire
19900018888.pdf,statistics model
19900018888.pdf,hstograms
19900018888.pdf,analysis
19900018888.pdf,hgstograms
19900018888.pdf,forecasting
19900018888.pdf,precisely
19900018888.pdf,comparison
19900018888.pdf,analytical expression
19900018888.pdf,nonsteod
19900018888.pdf,increase
19900018888.pdf,results
19900018888.pdf,solar activity
19900018888.pdf,analysis
19900018888.pdf,observation
19900018888.pdf,pegs
19900018888.pdf,coefficients
19900018888.pdf,occurrence
19900018888.pdf,phgsicists
19900018888.pdf,numerous
19900018888.pdf,theoretical
19900018888.pdf,data
19900018888.pdf,gunshot
19900018888.pdf,event
19900018888.pdf,several
19900018888.pdf,events
19900018888.pdf,registration
19900018888.pdf,adequate
19900018888.pdf,short wave todeouts of
19900018888.pdf,variation
19900018888.pdf,rare
19900018888.pdf,every
19900018888.pdf,empirically
19900018888.pdf,changing
19900018888.pdf,cycle
19900018888.pdf,predictions
19900018888.pdf,average values
19900018888.pdf,revealed
19900018888.pdf,solar activity minimum
19900018888.pdf,terrestrial
19900018888.pdf,have
19900018888.pdf,slow
19900018888.pdf,fixed
19900018888.pdf,effects
19900018888.pdf,frequency
19900018888.pdf,solar activity
19900018888.pdf,variations
19900018888.pdf,activity
19900018888.pdf,periodicity typical
19900018888.pdf,possibility
19900018888.pdf,statistical model coefficients
19900018888.pdf,solar activity maximum
19900018888.pdf,bone
19900018888.pdf,regions
19900018888.pdf,calculate
19900018888.pdf,frequent
19900018888.pdf,magnetic fields
19900018888.pdf,model
19900018888.pdf,solar activity
19900018888.pdf,probability
19900018888.pdf,active regions
19900018888.pdf,phenomena
19900018888.pdf,supposition
19900018888.pdf,conditions
19900018888.pdf,hystograms
19900018888.pdf,function
19900018888.pdf,rust
19900018888.pdf,longer
19900018888.pdf,expression parameter
19900018888.pdf,dogs
19900018888.pdf,flow
19900018888.pdf,parameter
19900018888.pdf,typical
19900018888.pdf,of effects
19900018888.pdf,cycle
19900018888.pdf,multiparametric process
19900018888.pdf,values
19900018888.pdf,poison distribution
19900018888.pdf,frequent
19900018888.pdf,year
19900018888.pdf,processes
19900018890.pdf,issledovaniye
19900018890.pdf,selling
19900018890.pdf,away klux
19900018890.pdf,solar rays
19900018890.pdf,detect
19900018890.pdf,kilohertz
19900018890.pdf,solar flares
19900018890.pdf,struktunry
19900018890.pdf,estimate
19900018890.pdf,klux
19900018890.pdf,ionosphere
19900018890.pdf,concrete
19900018890.pdf,lowfrequency
19900018890.pdf,eegulyarny shumovoi for ouh izlucheniya
19900018890.pdf,change
19900018890.pdf,filial
19900018890.pdf,petrov regulyarnogo
19900018890.pdf,irequencies
19900018890.pdf,changes
19900018890.pdf,deep minimum
19900018890.pdf,channel
19900018890.pdf,drugimi geofizicheskimi
19900018890.pdf,decreases
19900018890.pdf,emission bands
19900018890.pdf,flight
19900018890.pdf,rnbintensity
19900018890.pdf,intensity special distribution
19900018890.pdf,gray burst klux
19900018890.pdf,daily
19900018890.pdf,approximation
19900018890.pdf,measured
19900018890.pdf,smooth temporal rounding
19900018890.pdf,klux
19900018890.pdf,supposed
19900018890.pdf,yavleniyami
19900018890.pdf,noise
19900018890.pdf,variable
19900018890.pdf,sir
19900018890.pdf,hours
19900018890.pdf,gray klux
19900018890.pdf,estimated
19900018890.pdf,diagnostic
19900018890.pdf,vspshek
19900018890.pdf,investigation
19900018890.pdf,intensity decrease
19900018890.pdf,ilibintensity
19900018890.pdf,picture
19900018890.pdf,calculated
19900018890.pdf,transfer
19900018890.pdf,solar gray klux
19900018890.pdf,oreflare
19900018890.pdf,magnetospheric disturbances
19900018890.pdf,enhancement
19900018890.pdf,flares
19900018890.pdf,solar gray flexed
19900018890.pdf,level
19900018890.pdf,variations
19900018890.pdf,continuous groundbased registration
19900018890.pdf,intensity
19900018890.pdf,accompanied
19900018890.pdf,detected
19900018890.pdf,report
19900018890.pdf,influence
19900018890.pdf,ionosphere physics
19900018890.pdf,idle
19900018890.pdf,statistical treatment
19900018890.pdf,diagnostic
19900018890.pdf,natural
19900018890.pdf,maximumduring
19900018890.pdf,range
19900018890.pdf,atmosfery
19900018890.pdf,methods
19900018890.pdf,maximum
19900018890.pdf,registrar
19900018890.pdf,weeping
19900018890.pdf,emission
19900018890.pdf,counterpoise
19900018890.pdf,separate
19900018890.pdf,characterized
19900018890.pdf,chromospheric flares
19900018890.pdf,period
19900018890.pdf,tenshundreds
19900018890.pdf,experimental
19900018890.pdf,comparedwith
19900018890.pdf,flare
19900018890.pdf,ponomrev
19900018890.pdf,ifstiltion
19900018890.pdf,izmeneniu
19900018890.pdf,solar flare shortage
19900018890.pdf,records
19900018890.pdf,with
19900018890.pdf,diagnostic
19900018890.pdf,lolsogo
19900018890.pdf,comparison
19900018890.pdf,comospheric
19900018890.pdf,increase
19900018890.pdf,integral
19900018890.pdf,report
19900018890.pdf,possibility
19900018890.pdf,ratio
19900018890.pdf,decrease
19900018890.pdf,study
19900018890.pdf,data
19900018890.pdf,during
19900018890.pdf,detection
19900018890.pdf,class
19900018890.pdf,solar gray klux record
19900018890.pdf,characteristic
19900018890.pdf,signals
19900018890.pdf,institute
19900018890.pdf,chromospheric
19900018890.pdf,elfvlf ranges
19900018890.pdf,iurzaeva
19900018890.pdf,zlfvlf emission intensity
19900018890.pdf,yakutsk
19900018890.pdf,bursts
19900018890.pdf,nation
19900018890.pdf,gray
19900018890.pdf,case
19900018890.pdf,polyarnye siyaniya
19900018890.pdf,agencies
19900018890.pdf,analysis
19900018890.pdf,intensity
19900018890.pdf,mint
19900018890.pdf,limb
19900018890.pdf,solar away burst
19900018890.pdf,regular
19900018890.pdf,cosmophysical research
19900018890.pdf,liurzaeva
19900018890.pdf,accompanied
19900018890.pdf,web intensity
19900018890.pdf,under
19900018890.pdf,kurzaeva
19900018890.pdf,operating
19900018890.pdf,liver
19900018890.pdf,the change
19900018890.pdf,flexed
19900018890.pdf,variations
19900018890.pdf,enhanced
19900018890.pdf,frequency
19900018890.pdf,emission
19900018890.pdf,frequencies
19900018890.pdf,geopbtsical
19900018890.pdf,oath
19900018890.pdf,ionospheric
19900018890.pdf,change
19900018890.pdf,ionospheric effects
19900018890.pdf,indirect
19900018890.pdf,elfvlf missions
19900018890.pdf,effect
19900018890.pdf,apparatus ilya
19900018890.pdf,emission
19900018890.pdf,enough
19900018890.pdf,off
19900018890.pdf,satellite
19900018890.pdf,fares
19900018890.pdf,dynamic
19900018890.pdf,retribution
19900018890.pdf,showed
19900018890.pdf,continuous lowfrequency
19900018890.pdf,axis
19900018890.pdf,gray klux
19900018890.pdf,self emission flare
19900018890.pdf,observed
19900018890.pdf,detection
19900018890.pdf,iron
19900018890.pdf,vnesbnei
19900018890.pdf,transmit
19900018890.pdf,sources
19900018890.pdf,increases
19900018890.pdf,estimation
19900018890.pdf,pdbcurve
19900018890.pdf,records
19900018890.pdf,test
19900018890.pdf,latmospherics
19900018891.pdf,critical frequency
19900018891.pdf,noma
19900018891.pdf,layer
19900018891.pdf,virtual height
19900018891.pdf,path
19900018891.pdf,absorption
19900018891.pdf,hour
19900018891.pdf,layer
19900018891.pdf,higher
19900018891.pdf,post
19900018891.pdf,dropped down
19900018891.pdf,pruhonice conservatory
19900018891.pdf,lower
19900018891.pdf,ionosphere
19900018891.pdf,earth
19900018891.pdf,magnetic threehour range
19900018891.pdf,bulgaria
19900018891.pdf,median
19900018891.pdf,time
19900018891.pdf,changes
19900018891.pdf,severe
19900018891.pdf,transitional
19900018891.pdf,phase
19900018891.pdf,minimum
19900018891.pdf,monogram
19900018891.pdf,hypothesis
19900018891.pdf,all him
19900018891.pdf,disturbances
19900018891.pdf,active region
19900018891.pdf,enhancement
19900018891.pdf,ill
19900018891.pdf,flares
19900018891.pdf,geophysical data
19900018891.pdf,poststorm
19900018891.pdf,ionospheric storm
19900018891.pdf,quite extraordinary
19900018891.pdf,geomagnetic storm
19900018891.pdf,solar high energy proto klux
19900018891.pdf,latitude
19900018891.pdf,positive
19900018891.pdf,pancheva
19900018891.pdf,midlatitudes
19900018891.pdf,increased
19900018891.pdf,near
19900018891.pdf,auroral zone
19900018891.pdf,layer pruhonice full line
19900018891.pdf,decreased
19900018891.pdf,solar
19900018891.pdf,detection
19900018891.pdf,kill
19900018891.pdf,year
19900018891.pdf,sudden
19900018891.pdf,maximum
19900018891.pdf,solar cycle
19900018891.pdf,nut
19900018891.pdf,characterized
19900018891.pdf,period
19900018891.pdf,high
19900018891.pdf,flare
19900018891.pdf,latitude
19900018891.pdf,followed
19900018891.pdf,commencement
19900018891.pdf,increase
19900018891.pdf,results
19900018891.pdf,days
19900018891.pdf,expansion
19900018891.pdf,absorption
19900018891.pdf,solar disc region
19900018891.pdf,decrease
19900018891.pdf,data
19900018891.pdf,midlatitude case
19900018891.pdf,negative
19900018891.pdf,spread
19900018891.pdf,associated with
19900018891.pdf,disc
19900018891.pdf,case
19900018891.pdf,hhistpreport
19900018891.pdf,normal
19900018891.pdf,development
19900018891.pdf,auroral
19900018891.pdf,proto flares
19900018891.pdf,virtual
19900018891.pdf,high energy proto klux
19900018891.pdf,region
19900018891.pdf,czechs acadsci bone
19900018891.pdf,magnetic storm
19900018891.pdf,effects
19900018891.pdf,equatorward
19900018891.pdf,frequency
19900018891.pdf,solar activity
19900018891.pdf,unusual
19900018891.pdf,variations
19900018891.pdf,enhanced
19900018891.pdf,solar disc
19900018891.pdf,transition
19900018891.pdf,appearance
19900018891.pdf,frequencies
19900018891.pdf,ionospheric
19900018891.pdf,january
19900018891.pdf,paths
19900018891.pdf,measurement
19900018891.pdf,active regions
19900018891.pdf,effect
19900018891.pdf,phenomena
19900018891.pdf,particle
19900018891.pdf,plantar
19900018891.pdf,poor
19900018891.pdf,coincident
19900018891.pdf,northern
19900018891.pdf,echoes
19900018891.pdf,observed
19900018891.pdf,measuring
19900018891.pdf,orator
19900018891.pdf,storm
19900018891.pdf,totally quiet
19900018891.pdf,solar proto klux
19900018891.pdf,ionosonde
19900018913.pdf,minims
19900018913.pdf,apparent
19900018913.pdf,average
19900018913.pdf,amiability
19900018913.pdf,visible reluctance
19900018913.pdf,hour
19900018913.pdf,instrument
19900018913.pdf,goeswest
19900018913.pdf,higher
19900018913.pdf,broadband
19900018913.pdf,cooling
19900018913.pdf,adjacent
19900018913.pdf,reflectivities
19900018913.pdf,treated
19900018913.pdf,lower
19900018913.pdf,radiance
19900018913.pdf,university
19900018913.pdf,downward
19900018913.pdf,lower curve
19900018913.pdf,microwave
19900018913.pdf,island measurement
19900018913.pdf,davis
19900018913.pdf,figs
19900018913.pdf,albert
19900018913.pdf,albert equation
19900018913.pdf,unobserved
19900018913.pdf,minds
19900018913.pdf,angle
19900018913.pdf,spatial smiling
19900018913.pdf,cloud fields
19900018913.pdf,small region
19900018913.pdf,intercomparisons
19900018913.pdf,clearing
19900018913.pdf,broadband atmospherecorrected
19900018913.pdf,sicca
19900018913.pdf,complete
19900018913.pdf,discrepancies
19900018913.pdf,visual
19900018913.pdf,correlation
19900018913.pdf,satellitemeasured
19900018913.pdf,potential
19900018913.pdf,heating
19900018913.pdf,repression
19900018913.pdf,workshop monterey
19900018913.pdf,skill
19900018913.pdf,afternoon
19900018913.pdf,greater
19900018913.pdf,broadband shortage albedos
19900018913.pdf,atmosphere chemistry
19900018913.pdf,technique
19900018913.pdf,consistent with
19900018913.pdf,larger
19900018913.pdf,htm
19900018913.pdf,narrowband albert
19900018913.pdf,largescale
19900018913.pdf,curves
19900018913.pdf,compared
19900018913.pdf,meetingastex
19900018913.pdf,atmosphere
19900018913.pdf,empirical
19900018913.pdf,morning
19900018913.pdf,mirror image
19900018913.pdf,curve
19900018913.pdf,discussion
19900018913.pdf,near
19900018913.pdf,extensive
19900018913.pdf,solar
19900018913.pdf,cloud properties
19900018913.pdf,annual
19900018913.pdf,regional
19900018913.pdf,areas
19900018913.pdf,corrected
19900018913.pdf,nicholas
19900018913.pdf,marine stratocumulus
19900018913.pdf,midnight
19900018913.pdf,differences
19900018913.pdf,month
19900018913.pdf,young
19900018913.pdf,cloudamount weighted
19900018913.pdf,properties
19900018913.pdf,limitations
19900018913.pdf,site
19900018913.pdf,surface measurement
19900018913.pdf,information
19900018913.pdf,cloud
19900018913.pdf,albedos
19900018913.pdf,strip
19900018913.pdf,findings
19900018913.pdf,levels
19900018913.pdf,maxim
19900018913.pdf,functions
19900018913.pdf,evening
19900018913.pdf,radiating
19900018913.pdf,cloud composition
19900018913.pdf,fire
19900018913.pdf,night
19900018913.pdf,local
19900018913.pdf,special
19900018913.pdf,surface
19900018913.pdf,cleared
19900018913.pdf,have
19900018913.pdf,atmosphere
19900018913.pdf,clearly
19900018913.pdf,comparison
19900018913.pdf,horrid bispectral threshold method
19900018913.pdf,when
19900018913.pdf,hours
19900018913.pdf,results
19900018913.pdf,watching
19900018913.pdf,climate
19900018913.pdf,cloud cover
19900018913.pdf,days
19900018913.pdf,island
19900018913.pdf,solar radiometer cloud liquid water
19900018913.pdf,island broadband shortage cloud albedosogo
19900018913.pdf,ratio
19900018913.pdf,night smiling
19900018913.pdf,coefficients
19900018913.pdf,decrease
19900018913.pdf,cloud albedos
19900018913.pdf,data
19900018913.pdf,errors
19900018913.pdf,gibson
19900018913.pdf,measurement
19900018913.pdf,diurnal
19900018913.pdf,visible
19900018913.pdf,nasal angle
19900018913.pdf,cloud deck
19900018913.pdf,content
19900018913.pdf,easiest
19900018913.pdf,cloud fraction
19900018913.pdf,representative
19900018913.pdf,blaskovic
19900018913.pdf,investigation
19900018913.pdf,analysis
19900018913.pdf,combination
19900018913.pdf,connection
19900018913.pdf,reasons
19900018913.pdf,instrumentation
19900018913.pdf,lwccosszagm
19900018913.pdf,visual examination
19900018913.pdf,brighter
19900018913.pdf,boundary
19900018913.pdf,cousine
19900018913.pdf,affecting
19900018913.pdf,harrison
19900018913.pdf,relationship
19900018913.pdf,late afternoon
19900018913.pdf,effects
19900018913.pdf,bases
19900018913.pdf,variations
19900018913.pdf,shaped clearing
19900018913.pdf,observations
19900018913.pdf,claim apply method
19900018913.pdf,cases
19900018913.pdf,radiation
19900018913.pdf,thesis
19900018913.pdf,regions
19900018913.pdf,san nicholas island
19900018913.pdf,smiling
19900018913.pdf,model
19900018913.pdf,representation
19900018913.pdf,grim
19900018913.pdf,cloudless
19900018913.pdf,cloud amounts
19900018913.pdf,spider
19900018913.pdf,effect
19900018913.pdf,cloud amount
19900018913.pdf,filmedpass
19900018913.pdf,sunrise
19900018913.pdf,while
19900018913.pdf,atmosphere effects
19900018913.pdf,satellite
19900018913.pdf,experiment
19900018913.pdf,area
19900018913.pdf,plantar
19900018913.pdf,marine stratocumulus pro as
19900018913.pdf,comparisons
19900018913.pdf,sin microwave
19900018913.pdf,repression fit
19900018913.pdf,climatology
19900018913.pdf,parameter
19900018913.pdf,satellite regions
19900018913.pdf,amounts
19900018913.pdf,contents
19900018913.pdf,observed
19900018913.pdf,image
19900018913.pdf,area averages
19900018913.pdf,cloud fractions
19900018913.pdf,affected
19900018913.pdf,increases
19900018913.pdf,cloudtop
19900018913.pdf,satellitederived
19900018913.pdf,coley
19900018913.pdf,values
19900018913.pdf,cloud albert
19900018913.pdf,during
19900018913.pdf,clouds
19900018913.pdf,height
19900018913.pdf,global
19900018913.pdf,ceophys
19900018918.pdf,hear
19900018918.pdf,amiability
19900018918.pdf,apparent
19900018918.pdf,scattering
19900018918.pdf,evacuated
19900018918.pdf,away
19900018918.pdf,caustic
19900018918.pdf,higher
19900018918.pdf,schubert
19900018918.pdf,ottersten
19900018918.pdf,operation
19900018918.pdf,san nicholas
19900018918.pdf,adjacent
19900018918.pdf,pulses
19900018918.pdf,cloud base attitude
19900018918.pdf,complex
19900018918.pdf,constant
19900018918.pdf,negligible
19900018918.pdf,acknowledgment
19900018918.pdf,free
19900018918.pdf,pulse
19900018918.pdf,symposium
19900018918.pdf,middle
19900018918.pdf,continuous
19900018918.pdf,periods
19900018918.pdf,ours
19900018918.pdf,special rear equation vanzandt
19900018918.pdf,overall
19900018918.pdf,approximation
19900018918.pdf,antenna
19900018918.pdf,measured
19900018918.pdf,swash
19900018918.pdf,methodology pus
19900018918.pdf,humidity
19900018918.pdf,installation
19900018918.pdf,colorado state
19900018918.pdf,interpretation
19900018918.pdf,adams
19900018918.pdf,variable
19900018918.pdf,clearing
19900018918.pdf,longwave
19900018918.pdf,monitor
19900018918.pdf,filter
19900018918.pdf,video
19900018918.pdf,rear backscattering
19900018918.pdf,project
19900018918.pdf,integration
19900018918.pdf,comic noise interference
19900018918.pdf,method pennsylvania
19900018918.pdf,schelling
19900018918.pdf,processing
19900018918.pdf,profile
19900018918.pdf,research vessel point
19900018918.pdf,soda
19900018918.pdf,flights
19900018918.pdf,numerical boundarylayer model
19900018918.pdf,reactive index
19900018918.pdf,standard
19900018918.pdf,calculated
19900018918.pdf,intractable
19900018918.pdf,labelled
19900018918.pdf,potential
19900018918.pdf,signalnoise ratio sir
19900018918.pdf,reactive index structure
19900018918.pdf,fluctuation
19900018918.pdf,maximum value
19900018918.pdf,vertical
19900018918.pdf,disagreement
19900018918.pdf,efficiency
19900018918.pdf,rang
19900018918.pdf,bruntvaisala frequency
19900018918.pdf,winds
19900018918.pdf,increased
19900018918.pdf,temperature fluctuation
19900018918.pdf,solar
19900018918.pdf,adams volume reflectivity
19900018918.pdf,express
19900018918.pdf,comic noise
19900018918.pdf,pus instrumentation
19900018918.pdf,consecutive
19900018918.pdf,written
19900018918.pdf,rawinsonde launch sites
19900018918.pdf,air space
19900018918.pdf,radiance
19900018918.pdf,scientists
19900018918.pdf,marine stratocumulus
19900018918.pdf,atmosphere structure
19900018918.pdf,blank not filmedckbt
19900018918.pdf,increasing
19900018918.pdf,velocity
19900018918.pdf,significant
19900018918.pdf,characterized
19900018918.pdf,period
19900018918.pdf,boltzmanns constant
19900018918.pdf,ceilometer
19900018918.pdf,reflectivity
19900018918.pdf,information
19900018918.pdf,aircraft
19900018918.pdf,rawinsonde
19900018918.pdf,evidence
19900018918.pdf,celebrations
19900018918.pdf,rawinsondes
19900018918.pdf,volume
19900018918.pdf,rear
19900018918.pdf,downward
19900018918.pdf,atmosphere science
19900018918.pdf,volume reflectivity
19900018918.pdf,figures
19900018918.pdf,fire
19900018918.pdf,cloud base
19900018918.pdf,radiant
19900018918.pdf,local
19900018918.pdf,specific
19900018918.pdf,vertical humidity
19900018918.pdf,temperature
19900018918.pdf,analyzed
19900018918.pdf,merged sodarwind
19900018918.pdf,active
19900018918.pdf,vapor
19900018918.pdf,log contour
19900018918.pdf,attitudes
19900018918.pdf,remote
19900018918.pdf,spectrum
19900018918.pdf,noise temperatures
19900018918.pdf,comparison
19900018918.pdf,data sets
19900018918.pdf,correlate
19900018918.pdf,away
19900018918.pdf,hours
19900018918.pdf,mesoscale
19900018918.pdf,signal
19900018918.pdf,insertion
19900018918.pdf,elevated
19900018918.pdf,ratio
19900018918.pdf,johnsonpasqua
19900018918.pdf,decrease
19900018918.pdf,rear studies
19900018918.pdf,scattering volume
19900018918.pdf,progress
19900018918.pdf,data
19900018918.pdf,subsistence
19900018918.pdf,measurement
19900018918.pdf,turbulent
19900018918.pdf,make
19900018918.pdf,ceilometer schubert
19900018918.pdf,development
19900018918.pdf,analysis
19900018918.pdf,intensity
19900018918.pdf,antennaline
19900018918.pdf,copper rear reflectivity
19900018918.pdf,vertical wind
19900018918.pdf,record
19900018918.pdf,neighborhood
19900018918.pdf,richardson
19900018918.pdf,conversion
19900018918.pdf,pressure
19900018918.pdf,region
19900018918.pdf,turbulence
19900018918.pdf,loranotype sordes
19900018918.pdf,relationship
19900018918.pdf,frequency
19900018918.pdf,contribution
19900018918.pdf,variations
19900018918.pdf,variance specters
19900018918.pdf,observations
19900018918.pdf,timeheight crosssection
19900018918.pdf,street
19900018918.pdf,integration
19900018918.pdf,cloud top entertainment
19900018918.pdf,crosssection
19900018918.pdf,regions
19900018918.pdf,san nicholas island
19900018918.pdf,backscatter
19900018918.pdf,structure function
19900018918.pdf,appropriate
19900018918.pdf,copper wind
19900018918.pdf,pulse width
19900018918.pdf,page
19900018918.pdf,atmosphere science paper
19900018918.pdf,effect
19900018918.pdf,specific humidity
19900018918.pdf,gradients
19900018918.pdf,strong
19900018918.pdf,operate
19900018918.pdf,speed
19900018918.pdf,ciesielski
19900018918.pdf,refractivity turbulence structure constant
19900018918.pdf,catlometor data
19900018918.pdf,marine boundary layer mb
19900018918.pdf,bob peters
19900018918.pdf,resolution
19900018918.pdf,measure
19900018918.pdf,central pennsylvania
19900018918.pdf,parameter
19900018918.pdf,wind
19900018918.pdf,pulse repetition frequency
19900018918.pdf,class system
19900018918.pdf,authors
19900018918.pdf,water
19900018918.pdf,soda reflectivity
19900018918.pdf,sources
19900018918.pdf,contract
19900018918.pdf,mechanism
19900018918.pdf,marine inversion
19900018918.pdf,inserted
19900018918.pdf,instrument
19900018918.pdf,values
19900018918.pdf,cost
19900018918.pdf,sunset rear
19900018918.pdf,burn
19900018918.pdf,contour
19900018922.pdf,distribution
19900018922.pdf,simultaneously
19900018922.pdf,atmosphere sciences
19900018922.pdf,reduced
19900018922.pdf,size
19900018922.pdf,scattering
19900018922.pdf,intensity ratio
19900018922.pdf,formula
19900018922.pdf,calculations
19900018922.pdf,midway
19900018922.pdf,estimate
19900018922.pdf,complex
19900018922.pdf,time interval
19900018922.pdf,saturated
19900018922.pdf,airborne
19900018922.pdf,water droplets
19900018922.pdf,university
19900018922.pdf,illustrates
19900018922.pdf,length
19900018922.pdf,scan
19900018922.pdf,davis
19900018922.pdf,individual
19900018922.pdf,wavelengths
19900018922.pdf,albert
19900018922.pdf,counted
19900018922.pdf,water droplets
19900018922.pdf,measured
19900018922.pdf,vapor dashed line
19900018922.pdf,profile
19900018922.pdf,stephens
19900018922.pdf,drops
19900018922.pdf,sicca
19900018922.pdf,righthand
19900018922.pdf,penn
19900018922.pdf,radiation measurement
19900018922.pdf,calculated
19900018922.pdf,car fig
19900018922.pdf,similarity
19900018922.pdf,cloud layer
19900018922.pdf,channels
19900018922.pdf,grizzled
19900018922.pdf,diffusion
19900018922.pdf,atmospheres gdrard space
19900018922.pdf,anomalies
19900018922.pdf,special variation
19900018922.pdf,scale
19900018922.pdf,functional
19900018922.pdf,absorbed
19900018922.pdf,sealing
19900018922.pdf,efficiency
19900018922.pdf,zenith measurement
19900018922.pdf,boscombe
19900018922.pdf,transmitted
19900018922.pdf,near
19900018922.pdf,solar
19900018922.pdf,cloud symmetry factor
19900018922.pdf,hobby
19900018922.pdf,theory
19900018922.pdf,regional
19900018922.pdf,king
19900018922.pdf,cloud droplets
19900018922.pdf,mean
19900018922.pdf,marine stratocumulus
19900018922.pdf,amputations
19900018922.pdf,radiation deep
19900018922.pdf,cloud absorption radiometer king
19900018922.pdf,optical
19900018922.pdf,solar radiation
19900018922.pdf,radius
19900018922.pdf,cloud drop
19900018922.pdf,properties
19900018922.pdf,zenith
19900018922.pdf,cloud radiation
19900018922.pdf,cloud
19900018922.pdf,aircraft
19900018922.pdf,effective
19900018922.pdf,moderate
19900018922.pdf,scars
19900018922.pdf,flight line
19900018922.pdf,optical thin
19900018922.pdf,solid curve
19900018922.pdf,determination
19900018922.pdf,clean marine stratocumulus
19900018922.pdf,cloud base
19900018922.pdf,symmetry factor
19900018922.pdf,cloud top
19900018922.pdf,surface
19900018922.pdf,temperature
19900018922.pdf,cloud droplets
19900018922.pdf,vapor
19900018922.pdf,microphysical
19900018922.pdf,optical thin scars
19900018922.pdf,atmosphere
19900018922.pdf,comparison
19900018922.pdf,optical depths
19900018922.pdf,flying
19900018922.pdf,results
19900018922.pdf,cloud absorption animal
19900018922.pdf,thermodynamic measurement
19900018922.pdf,atmospheres
19900018922.pdf,chetwynd
19900018922.pdf,absorption
19900018922.pdf,flight
19900018922.pdf,sample
19900018922.pdf,examination
19900018922.pdf,descent
19900018922.pdf,decrease
19900018922.pdf,standard deviation
19900018922.pdf,data
19900018922.pdf,rake
19900018922.pdf,measurement
19900018922.pdf,observations
19900018922.pdf,diffusion domain method
19900018922.pdf,mcclatchey
19900018922.pdf,hair
19900018922.pdf,flight lines
19900018922.pdf,solid line
19900018922.pdf,atoms
19900018922.pdf,time series
19900018922.pdf,content
19900018922.pdf,ascent
19900018922.pdf,case
19900018922.pdf,analysis
19900018922.pdf,intensity
19900018922.pdf,combination
19900018922.pdf,parameter
19900018922.pdf,wavelength
19900018922.pdf,conversion
19900018922.pdf,pressure
19900018922.pdf,blaine
19900018922.pdf,relationship
19900018922.pdf,deep
19900018922.pdf,intensified
19900018922.pdf,section
19900018922.pdf,distance time
19900018922.pdf,increasing
19900018922.pdf,observations
19900018922.pdf,lone
19900018922.pdf,diffusion domain criterion
19900018922.pdf,channels diffusion domain measurement
19900018922.pdf,convenience
19900018922.pdf,averages
19900018922.pdf,are
19900018922.pdf,experimental results
19900018922.pdf,radiation
19900018922.pdf,droplets
19900018922.pdf,coordinate
19900018922.pdf,distance
19900018922.pdf,tons
19900018922.pdf,calculate
19900018922.pdf,model
19900018922.pdf,gallery
19900018922.pdf,measurement
19900018922.pdf,cloudy
19900018922.pdf,angular
19900018922.pdf,transmission function
19900018922.pdf,waveengths
19900018922.pdf,conditions
19900018922.pdf,function
19900018922.pdf,distances
19900018922.pdf,me theory
19900018922.pdf,say
19900018922.pdf,cloud droplets size
19900018922.pdf,liquid water
19900018922.pdf,mission
19900018922.pdf,resolution
19900018922.pdf,measure
19900018922.pdf,amount
19900018922.pdf,flew
19900018922.pdf,water
19900018922.pdf,cloud absorption radiometer solid circles
19900018922.pdf,optical thickness
19900018922.pdf,experimentallyderived
19900018922.pdf,unique
19900018922.pdf,contaminated
19900018922.pdf,scale optical thick
19900018922.pdf,coast
19900018922.pdf,values
19900018922.pdf,hansom
19900018922.pdf,scattered
19900018922.pdf,diffusion domain
19900018922.pdf,clouds
19900018928.pdf,value
19900018928.pdf,latent
19900018928.pdf,motions
19900018928.pdf,andcoon
19900018928.pdf,higher
19900018928.pdf,perturbation
19900018928.pdf,forcing
19900018928.pdf,temperate
19900018928.pdf,narrow downdraft areas
19900018928.pdf,aperture
19900018928.pdf,efficient special model
19900018928.pdf,force
19900018928.pdf,suppressed
19900018928.pdf,boundary layer
19900018928.pdf,contour intra
19900018928.pdf,tell
19900018928.pdf,etreamfunctlon
19900018928.pdf,investigated
19900018928.pdf,length
19900018928.pdf,parameter values
19900018928.pdf,inversion strength
19900018928.pdf,ilio
19900018928.pdf,measured
19900018928.pdf,laufersweiler
19900018928.pdf,onto intervals
19900018928.pdf,ilii
19900018928.pdf,tar pertmoo
19900018928.pdf,investigations
19900018928.pdf,rigid lid
19900018928.pdf,diabetic
19900018928.pdf,profile
19900018928.pdf,office
19900018928.pdf,hampton
19900018928.pdf,special coefficients
19900018928.pdf,cloud layer
19900018928.pdf,heating
19900018928.pdf,twodimensional
19900018928.pdf,research
19900018928.pdf,patterns
19900018928.pdf,lauferswcfler
19900018928.pdf,perturbation
19900018928.pdf,increased
19900018928.pdf,could owing
19900018928.pdf,havingthevalue
19900018928.pdf,abovecloud regions
19900018928.pdf,weak
19900018928.pdf,dynamic
19900018928.pdf,calm
19900018928.pdf,result
19900018928.pdf,marine stratocumulus
19900018928.pdf,inversion based
19900018928.pdf,actual
19900018928.pdf,velocity
19900018928.pdf,cloud region
19900018928.pdf,ticthedasb
19900018928.pdf,investigate
19900018928.pdf,cjkforpa
19900018928.pdf,cloud
19900018928.pdf,intensified
19900018928.pdf,penetrate
19900018928.pdf,warming
19900018928.pdf,radiating
19900018928.pdf,itreeafubction
19900018928.pdf,suppressing
19900018928.pdf,cloud base
19900018928.pdf,fire
19900018928.pdf,figures
19900018928.pdf,cloud top
19900018928.pdf,efficacy
19900018928.pdf,temperature
19900018928.pdf,stratocumulus circulation
19900018928.pdf,shiver
19900018928.pdf,located
19900018928.pdf,fields
19900018928.pdf,portion
19900018928.pdf,valueckin
19900018928.pdf,will
19900018928.pdf,results
19900018928.pdf,thermodynamic structures
19900018928.pdf,elevated
19900018928.pdf,efficient model
19900018928.pdf,steady state
19900018928.pdf,circulation
19900018928.pdf,tnvujoo bald at having
19900018928.pdf,negative
19900018928.pdf,oqolsmpaodgoamono
19900018928.pdf,critical value
19900018928.pdf,goals
19900018928.pdf,oralplaooqlqpmolrpul
19900018928.pdf,case
19900018928.pdf,dated
19900018928.pdf,qlllr
19900018928.pdf,intensity
19900018928.pdf,domain
19900018928.pdf,verbal line with
19900018928.pdf,performance
19900018928.pdf,deep cloud
19900018928.pdf,effects
19900018928.pdf,pennsylvania
19900018928.pdf,supportedinpart
19900018928.pdf,national science
19900018928.pdf,trcamrmonv verticalvelocity coontherit
19900018928.pdf,steady solutions
19900018928.pdf,temperature
19900018928.pdf,comparing
19900018928.pdf,heating profile
19900018928.pdf,ilollqmlzs
19900018928.pdf,iilnlllml
19900018928.pdf,model
19900018928.pdf,ninecoefficient
19900018928.pdf,subversion region
19900018928.pdf,naval
19900018928.pdf,skin
19900018928.pdf,phenomena
19900018928.pdf,inversion base
19900018928.pdf,special model
19900018928.pdf,circulation
19900018928.pdf,horizontally asymmetric
19900018928.pdf,inclusion
19900018928.pdf,truncated special models
19900018928.pdf,flow
19900018928.pdf,iolqlilj
19900018928.pdf,position
19900018928.pdf,amount
19900018928.pdf,moderately
19900018928.pdf,tapping inversion
19900018928.pdf,moist
19900018928.pdf,oeachfigurethebaseothelnvcnio
19900018928.pdf,inversion
19900018928.pdf,affected
19900018928.pdf,stronger
19900018928.pdf,contract
19900018928.pdf,traditional
19900018928.pdf,values
19900018928.pdf,raleigh
19900018928.pdf,height
